part_ID,Intelligence,Conscientiousness,Extraversion,Opennenss,Neuroticism,Self-efficacy,Agreeableness,EI,Comm_skill,Performance,Satisfaction,OCBs,CWBs
101,-0.77934898,-0.455719548,-0.845665226,-2.428058349,0.153221849,0.14424159,1.38256221,0.776070749,-0.98465082,-0.475921325,-0.577843986,-0.863285846,0.461364557
102,0.245225846,1.396822324,1.080805822,-0.223192667,-0.737119486,-0.110218609,-2.321679362,-0.427531942,0.100364846,0.281633662,0.145171685,0.646595814,-1.284644136
103,0.606697639,0.026791954,0.613235944,-0.792691954,-0.415983598,0.709941885,0.673007829,-0.42117721,-0.603229489,-0.19913781,-0.300033434,-0.731211261,0.527279872
104,-0.723913418,-0.495704627,0.342110561,-0.61703516,-0.69302942,0.139329446,0.955160111,-0.107894318,0.374042505,-0.768942124,-1.020067636,-0.734000062,0.319403884
105,0.592588085,1.318998736,1.041752623,0.145298309,-2.723143736,1.176686749,-1.694500227,-1.115545957,1.969674077,2.765934398,2.353495596,2.858306535,-2.95371219
106,-0.92291002,-0.532157335,-0.649072052,-1.131427804,0.490118469,-0.044480096,-1.147013409,0.165514236,1.064516147,-1.06643222,-0.37443806,-0.43807537,0.998509348
107,-0.661589317,-0.201510008,-0.31485265,0.319535614,-1.680234369,-0.971021055,0.829766852,0.389959925,1.65462611,-0.423512123,-0.351796474,-0.317225835,0.816629868
108,-0.977560512,2.73939608,-0.926648718,0.021033011,-1.098514789,0.384038773,0.507761864,-2.818578307,-0.647294636,-1.551405608,-0.924960488,-1.588169636,0.637708935
109,0.189439509,-1.030075342,-0.12104936,0.837405981,-0.587488544,0.34526929,-0.873498121,0.003412472,-0.305616988,0.212279122,-0.634614895,0.21757651,-0.186613338
110,0.21131929,-0.636893849,1.487969452,0.989057647,-0.991566556,0.213861552,-1.467710192,0.31754391,-0.388460587,0.310562125,0.349735624,0.862593582,-0.519812031
111,1.281481581,2.021651856,0.281012482,-1.327254127,0.509406174,-0.637309094,-0.280383521,0.118552071,1.516031898,-0.859350698,-0.273293317,-0.012961822,0.36890768
112,1.131552123,-0.076074479,0.732205726,-0.600326542,-0.465486876,-0.515737241,-1.357616216,-0.963733043,-1.008666404,-0.92555027,-0.63459638,-1.013250313,0.517189187
113,0.902433082,-0.721146593,0.962872822,0.691953292,0.706242859,0.756866319,0.964935991,-0.06142121,-1.856595587,-0.70716835,-0.951371291,-0.373727024,0.321331992
114,3.195333169,0.93297286,-0.918299703,0.614867237,-0.120582122,1.687087863,2.633565331,1.300923995,-1.319536375,-0.110489183,-0.714844571,-0.935514412,0.577779399
115,1.137357008,0.236286504,-0.682666688,0.350534247,-0.630288315,-0.399838385,-0.345885372,0.845981931,-0.767134029,-0.106541441,-0.038258467,-0.696185144,-0.212560758
116,-2.737559503,-2.294228862,-1.14856308,-1.876915209,1.377592847,0.566440557,2.050164822,-0.896721878,-1.898646341,2.454170146,2.652212808,2.565852858,-1.78785944
117,0.334961192,0.152149505,0.478415513,-0.829069286,-0.757985336,-0.147804942,-0.856516128,0.813879661,0.628164783,-0.179312634,0.000697951,-0.116771923,-0.553601884
118,0.21644525,-0.236216775,-1.1794273,-0.051003401,0.250734129,-1.929813584,-0.104565871,-0.030945578,0.533375744,-0.7745744,-0.816353011,-0.277378284,0.853725166
119,-0.404251363,-0.529983735,0.60024608,0.822457197,0.89092929,-1.123527638,1.356783196,1.339178537,1.029452578,-0.325384472,-0.649336531,-0.923416691,0.672801993
120,0.799557179,1.205043435,0.619348029,0.117152823,0.978032064,0.513904734,0.103045685,0.084308959,-0.917425608,0.080153481,-0.76641391,0.015364312,0.308238074
121,-1.66767982,-0.981726003,-0.016213176,-1.247137646,-0.775821399,-0.841394512,-0.30329544,-1.364628093,1.125805935,-0.754855919,-0.568604343,-0.609975234,0.935170189
122,0.299542767,1.120671021,-1.861568721,0.237404654,-1.312800222,0.505804051,-1.051217132,0.22948395,-0.999206538,-0.377877565,-0.428190885,-0.416935476,0.342766259
123,0.137043965,0.593768852,-0.156891591,1.069556675,-1.760129353,0.693007174,-0.669374847,-1.401292737,-0.500656751,-0.374424166,-0.22606688,-0.161183144,0.468366429
124,-0.922023697,-1.62174799,-0.333890283,0.830697393,-1.483551661,-1.901521531,0.122934398,-1.023782358,0.51266391,-0.18647922,-0.727754657,-0.451337209,0.3624847
125,1.352510037,0.998185877,-0.195251369,-1.375007528,-1.055310099,0.303304608,0.961634652,-0.803920383,0.454864742,-0.301769223,-0.551740134,0.032375734,0.168158184
126,0.751142983,-0.358163755,0.510879371,0.075183247,0.660881238,0.024732162,-0.37145704,-0.141987359,1.621532687,-0.32537893,0.267915583,-0.951070358,0.240412598
127,-1.026198426,0.166313205,-1.411078151,-0.585215426,-0.317239616,-0.543192261,-0.19728321,-0.192449843,-0.09305812,-0.578808703,-0.362385217,-0.858172339,0.693395804
128,-0.075567614,-0.667104385,0.911434808,-0.881788674,-1.040522399,-0.485465288,-0.070387885,1.398563896,0.466551081,-0.791251796,-1.18864559,0.079685762,0.438542275
129,0.739162115,0.450888663,1.295744304,0.217567304,0.146184244,1.498190089,1.364731808,0.075680442,-0.113911237,-0.375174064,0.02555812,-0.469787817,-0.160841823
130,0.272355552,1.055232668,0.332239755,-1.07552604,0.524117583,-0.346401293,-0.67704351,0.01358716,-1.029614041,-1.227975636,-1.023915779,-0.183973694,0.327814882
131,1.416144619,-1.607231321,1.278238467,0.834834778,-0.018444726,1.002331229,1.048917958,-0.336410879,0.84798459,-0.339092926,-0.131142747,-0.05268729,-0.05644761
132,0.353745301,-1.458111205,0.925895825,-0.194469415,0.878687512,-0.770769981,0.007909842,-0.417512112,0.785380664,-0.819581646,-0.76328577,-0.760380552,0.902201876
133,-0.359418236,0.007616535,-0.167573917,-0.779847226,-1.032072907,-0.809735752,-0.484173808,-0.435403392,-0.16898272,-0.348247144,-0.163475971,-0.805825034,1.244274351
134,-0.321844923,-0.179895499,-0.294013575,-1.085427825,-0.36842006,-0.920409242,-0.975602845,-0.453630305,-0.509517789,-0.798513643,-1.168213612,-0.368391873,0.784262492
135,0.058232972,-1.667003836,0.164289354,0.155524032,0.920111092,-1.047365477,-0.052834318,-0.385689499,-0.762244047,-0.656214695,0.166053276,-0.513723209,0.15879587
136,-1.15467517,0.906316382,-2.653748036,-1.52029745,-0.712085818,-0.604428587,-0.038744856,-0.107104365,-2.269612405,-0.396762907,-0.416681532,-0.848778936,0.721928355
137,1.428925394,2.497351801,-0.432678846,0.444278611,0.276551927,0.9737653,-0.569853228,0.12436565,0.060551314,0.358488923,0.896670757,0.875946233,-1.315961858
138,-0.084692053,-0.612019445,-0.36189011,-1.477979774,1.470478724,-0.594749414,0.233975846,0.281065577,0.680839322,-0.732466724,-0.895933862,-0.374346076,0.302255734
139,-1.244371392,0.814518123,-0.895447935,-2.379397484,-1.278021343,0.719062123,-1.196218946,-1.917706501,-1.06587308,-1.1146527,-0.83925938,-0.777468791,0.883645405
140,1.125847178,0.839116274,2.648093189,1.638362224,-1.250000305,1.557659813,-0.269092261,1.704947115,1.876351456,5.354544739,5.237228355,5.044290417,-4.840586531
141,-0.16867026,0.380452548,-0.092918956,-1.481081304,1.252820946,-1.335784558,1.065371505,0.922750714,-0.674860923,-0.807832558,-0.505014363,-0.539683385,0.789670052
142,0.020356267,-2.505795063,-0.648299991,-1.199895719,-0.127669059,-0.792162786,0.891715911,0.007692125,0.592000625,-0.205499316,-0.784326949,-0.722554402,0.407941426
143,0.106130478,-2.012153247,0.997597275,0.706275024,0.45431406,-1.365652093,1.469504804,-2.177869681,-0.856622713,-0.385426928,-0.093247521,-0.778568014,-0.050207636
144,0.94447405,1.605676651,1.124440845,1.092838531,0.742405731,0.615092856,0.183133372,0.557814244,-1.144735386,0.053921744,0.309942773,0.264215779,-0.050899538
145,-0.131805111,-0.468153057,-0.309467413,0.492291595,-0.77695103,0.312637922,-0.174210178,1.903249179,-0.310051703,0.244202672,0.214299134,-0.255074723,-0.118272063
146,-0.296194898,-0.646808885,0.243376976,-0.512511993,1.568795033,-0.434994507,2.10490445,-1.296472846,0.481496693,0.087481704,-0.505620281,-0.63545664,0.34537029
147,-0.064631024,1.096224109,2.397123163,1.675159545,-0.699914805,0.26658742,-2.239062159,2.184861486,0.55699711,3.429283844,4.054775695,4.252353051,-3.607807502
148,0.698548991,-0.081164477,0.732072327,-0.999997138,-0.301202446,1.310578096,0.062779689,-1.044624384,1.994112433,-0.444033451,-0.18639425,-0.184449324,-0.068126868
149,-0.222666484,1.278906883,-0.810958577,0.323424106,0.646951368,0.279869906,-0.230076257,1.445326749,0.089954591,-0.002287877,-0.839841671,-0.133732359,0.372931074
150,0.123481489,-0.641198742,1.256163996,1.200309103,-0.082185795,-0.206146218,-3.538088146,-0.198006692,1.628309289,1.451014214,0.877433484,1.46381425,-0.69606847
151,-0.703300646,-0.257791738,-0.201096942,-1.738184928,0.62078452,-0.795586341,1.121422986,-0.416776146,-1.218932276,-0.142420503,-0.162363845,-0.236242909,0.383574536
152,-0.540027928,-2.02237966,-0.938516814,0.133227335,1.071109466,0.430755974,1.008114379,0.855876845,0.636767192,-0.676638818,-0.718817604,-0.948482082,0.715954815
153,1.631680657,-0.070062301,0.687208979,1.057117648,-0.478365167,1.363397322,-0.449508025,0.830121905,0.568684681,1.973708775,1.766796786,1.45722933,-1.714313946
154,1.695237626,-0.306479956,1.13916219,1.106500818,1.885845492,-1.61642246,-0.923918484,0.523580366,-0.604480832,-0.776243963,0.050970732,-1.032922744,0.797890475
155,-0.891439428,-0.667435569,-3.226684049,-1.736783785,-0.422762979,-2.012719123,0.886525252,0.606648857,-1.904692395,1.269227302,0.494567011,0.61096024,-0.690660874
156,1.632001669,0.517946407,-0.011622402,0.05344535,0.113565022,-0.104858634,0.780342296,-0.767372942,0.112804224,-0.550103594,-0.321713577,-0.222541767,0.281275737
157,2.076492989,0.33540542,-0.675314238,-0.305637145,-0.578438427,-0.693399316,-0.064262174,0.966264064,0.263728344,0.010365579,-0.295904612,0.169389566,-0.40263118
158,0.79824486,-0.0291724,0.437781211,0.099385449,-0.16961977,-0.045699157,-0.22286352,-0.662759148,1.386970816,-0.516771624,-0.293786635,-0.096364812,0.405376692
159,-1.675413961,0.681723103,-1.47905596,-2.592503569,-0.520740466,-0.983354008,1.095772574,2.131279303,-0.194924349,-1.270275743,-0.951274799,-0.51086335,0.648229386
160,-1.375839062,-0.808284868,1.384777917,-0.86802772,0.283673491,2.409388146,-1.21868878,-0.820494435,0.693530194,-0.581703044,-0.67861147,-1.091312815,1.08520537
161,0.98886222,-0.261150621,0.92005791,0.159610102,-1.394374672,1.383722099,-0.65832345,-0.208710565,-0.208693833,0.40098483,0.284442748,0.37503401,-0.505768108
162,0.313312912,0.269922446,-1.885892705,-0.179729446,-1.069390301,0.697754687,-0.529347738,1.176215952,-0.644282927,-0.673110258,-0.710641731,-0.38585501,0.477187258
163,-0.538793158,-1.38556758,-0.237269505,-0.485692159,0.044376152,0.077958412,-0.838255378,0.586265644,-0.118482831,-0.539046598,-0.876189661,-1.061679413,0.461258734
164,1.520197875,0.492872486,1.264717641,1.338891826,-0.141289924,0.876688207,-0.782269693,0.45221938,1.307898887,2.043355116,2.715425315,2.101624639,-2.545214109
165,-1.570706484,0.317770706,0.266886095,0.555692594,1.425146788,-1.21402762,-0.903249086,-0.902906844,0.513607627,-0.52087995,-0.784134384,-0.368907915,0.885801413
166,0.713289987,0.562254323,0.932464046,-0.684814967,-0.497451286,-0.365190195,-0.494359414,-1.068138726,2.075573445,-0.55478657,-0.051505791,0.395110188,0.432353386
167,1.912269773,1.612413045,1.405269795,2.563157148,-0.78253405,1.780292574,-0.686894044,-0.0161024,0.062628594,3.457833099,3.688788739,3.859809667,-3.350136177
168,-0.464719947,-0.266351533,-0.849076167,0.998271873,-1.047887876,-0.857661015,-0.600533177,-0.832398891,0.23253732,-0.412578144,-0.547876554,-0.787360795,0.160186706
169,0.816003715,1.034397332,-0.408448323,0.172735175,0.530966268,-0.4779471,0.762365373,1.381543507,0.899880644,0.015180535,-0.609414182,-0.258866119,-0.355031001
170,0.176203517,-2.231162191,-0.293220965,0.56848615,1.409906147,0.897996301,1.832864932,-1.428701882,-0.057818589,-0.091561788,-0.314498722,-0.189630864,0.660658114
171,-0.919917356,-0.001670063,-1.568913338,0.55635067,1.993003918,-0.951282377,1.590608894,-1.573809147,-3.122203219,1.613847921,1.832232569,1.327580714,-0.943416121
172,0.243943191,0.773650182,0.486513924,-0.796191302,1.205198408,-0.478903389,-0.160690275,-0.991357386,0.728132001,-1.147658544,-0.657609866,-1.019661479,-0.232974806
173,0.407983628,0.244946546,0.656684868,1.040874893,-0.37788152,1.680995459,1.273942943,0.534330445,-1.387367191,-0.336553205,-0.304261662,0.02189276,0.491741819
174,-1.604710005,0.859278328,0.646480857,-1.521838426,0.891670497,0.36471533,-0.667486835,-0.333734536,0.13300964,-1.118082298,-0.800513465,-0.708133178,1.017154608
175,0.404240129,0.731384791,-0.150695033,1.601620298,-0.369221442,-0.847919108,0.23060875,-0.748881921,-0.77481431,-0.348662263,-0.587214021,-0.493608131,0.59621629
176,-0.733494102,0.768966228,-0.680976866,-0.927787167,1.335682,-0.010497429,0.011549348,-1.095523222,-1.05400156,-0.33070205,-0.204032312,-0.596246181,0.691615059
177,-1.589896189,-1.443336929,-1.379465022,-1.858371114,1.464330644,-0.132537972,-0.368959156,0.381485872,-0.745105708,0.240292593,-0.444436592,-0.484174072,0.048779317
178,1.787210072,0.081303984,-0.63547015,-0.391658924,-0.832814062,-1.144328556,-1.533746476,-0.123269467,1.462103405,-0.295054397,0.303742599,-0.23272753,0.068870973
179,0.582097688,-0.572294827,-0.897367561,0.174475098,-0.157785348,-0.354125931,0.640980036,-1.261189146,-0.928687968,-0.54707907,0.108859827,-0.723257864,0.768275936
180,0.859653097,1.719970788,1.221306235,0.601998773,0.718402924,0.634502449,-0.095459762,0.191591702,-0.181580149,0.753089183,0.394469997,0.527888922,-0.329150266
181,-2.453199628,-0.144086978,0.857122402,0.801127691,0.117779015,-0.139137872,-1.110638061,-0.114537339,0.887023539,-0.618492204,-0.110013448,-0.751523885,0.840929549
182,0.134132137,0.632312804,0.419241746,1.053344477,-1.214753641,1.075107061,-2.448284966,0.666638572,1.274185787,2.544255633,2.397647471,2.49886226,-2.537552905
183,0.407414942,0.547176946,0.700861427,-1.163813443,-1.503853334,0.974562877,-0.633996741,0.261456574,0.310576277,0.496645022,-0.130078376,0.37427563,-0.271732626
184,1.543137472,-0.475541501,1.841889187,1.476127641,0.293375191,1.178814486,-1.366583034,1.287609875,-0.824978411,0.744724451,1.739114093,1.36195156,-1.063911853
185,-2.017439256,-1.561494703,0.823923364,-0.833714943,1.339303946,-0.017411559,-0.40749393,-0.638446941,0.206338593,-0.716982395,-0.562962484,-0.545125712,0.461577925
186,-0.694066148,-0.62149022,-1.447058965,-1.248774051,-0.259970341,0.312171125,0.192124402,1.702538983,-1.342265925,-0.319218176,-0.63115882,-1.147463227,0.775182857
187,-0.042942058,0.232354836,-0.207927178,0.521608221,1.154140599,0.70767319,1.158024646,1.97073991,0.900221701,-0.42161125,-0.514461215,-0.369761602,0.314281409
188,0.48529593,-0.741723891,-0.233461459,-0.740569097,-1.444675303,-0.313935133,-1.537981049,0.403713172,0.393333355,-0.396609699,-0.636393973,-0.479117761,-0.377798842
189,0.291552147,1.267655547,2.897147115,0.583513505,-0.03318893,0.324636999,0.304036428,-0.544444051,0.146582504,0.349976394,0.652815634,0.280206668,-1.114286175
190,0.402656968,0.070061757,0.684586134,-0.1253048,-1.078702089,-0.255086002,-2.149872152,0.982155026,1.136069685,1.284743945,0.69905671,1.315549372,-1.377672747
191,-0.402077401,-0.728935964,0.132139026,-0.55452965,1.22108275,-1.74750871,1.356281844,0.393725831,-0.617859986,-0.275468448,0.183748792,-0.147978051,0.627962797
192,-2.586683699,-1.535438722,-0.554376048,-0.504309498,0.426628567,-0.471726171,-0.737308394,0.415630433,-0.724539125,-0.47665804,-0.719295046,-1.091750477,0.29256983
193,0.458695063,-0.470359131,-1.543978663,-0.530655342,-0.317222726,-0.835958896,-0.566530836,-0.232465761,0.392748049,-0.684991474,-0.701145462,-0.377055192,0.121916479
194,0.572429248,0.837321697,0.744066008,1.760029481,-0.770383328,1.601125341,-0.452713975,0.116842921,-0.124675179,1.267199391,1.642740435,0.954535881,-1.494183099
195,0.985300891,0.575500042,1.092633344,1.489005383,-2.470815538,3.69332852,-0.016565814,1.329761718,-0.186491101,3.803895981,4.065535554,4.088006069,-3.917737197
196,-1.266782129,0.11701604,0.462360081,0.902532298,-0.269918117,-0.928652062,-0.805255042,0.985719724,1.477229515,-0.213504364,0.058378162,-0.048890489,0.282217276
197,-1.61512841,-0.764207507,-1.487378917,0.704866985,0.325266868,1.045488407,-0.212701259,-0.158637047,0.219616059,-1.056751871,-0.639602009,-1.12769526,0.430270326
198,2.064067781,0.070723626,-1.16551738,0.423911455,1.109314291,-0.032262537,2.341218888,0.809670728,-0.871430665,-0.680624618,-0.460636032,-0.968706979,1.063786261
199,0.421826499,0.226495245,-0.529058382,-0.80130229,0.321120828,-0.96666493,1.508695615,-1.034273074,-0.705666461,-0.142282966,-0.240883971,-0.463051196,-0.002740116
200,-0.21304742,0.983272605,2.177257264,0.937237431,-1.948191728,3.093992032,-2.156585459,0.15679206,-0.478251181,3.298717939,3.440602282,3.607077173,-3.409452732
201,1.250962451,1.725855278,-0.265712688,0.983896469,0.562344143,1.25403135,0.568585472,0.274909084,0.182807618,0.210508863,0.210588338,0.70080111,-0.338532892
202,-0.921821353,-0.074170787,1.304072028,-0.522584617,-0.249721124,2.851257452,0.207488904,-1.486391707,-0.191621171,-0.372221537,-0.905042947,-0.810896137,0.988318642
203,0.005249064,-0.672506706,0.438723446,-0.498000763,1.244055338,-1.134021168,-0.44062773,-0.318312958,0.823294835,-0.833836038,-0.37472649,-0.326907944,0.80493231
204,1.34264308,-0.101169672,2.107754482,1.18643585,-0.975709694,-0.127317469,-0.710466234,0.005877987,-0.377609569,0.927382364,0.743181634,0.622248572,-1.211278093
205,1.374611245,-0.542617947,0.797231965,1.661750952,-2.638659403,0.452780346,0.996683177,1.229215467,-0.099689845,1.023738674,1.005285463,1.757246991,-1.515579648
206,-1.427149075,0.308060239,-0.594723141,-2.610168276,-0.729046556,0.439068826,0.361170206,-1.811548283,-0.893834717,-0.103898543,-0.520236637,-1.022141788,0.658746083
207,1.618177309,0.859981818,-0.067656672,1.867574943,-0.196676112,1.240434039,0.855748424,-0.028761453,2.496232336,1.671260495,1.492767369,1.685176307,-2.017074122
208,1.026775995,-0.099659939,-0.527290104,0.503570645,0.633263937,-0.103428162,0.996539451,-0.543833266,-2.458153195,-0.72930427,-0.671977682,-0.737907593,0.792123157
209,0.037302372,1.140758976,0.960626691,0.370945771,0.082815556,0.979652094,-0.004436242,-1.140195892,0.963217852,-0.054409745,0.350796737,0.355789068,-0.596387305
210,-1.093097323,-0.166996591,0.467879531,-1.347193541,0.578532705,0.037110039,0.308471045,-0.94793055,0.086439118,-0.330164166,-0.639499093,-0.105604157,0.266954142
211,-0.460575467,-1.614210913,-0.999257332,-0.008084224,0.898197747,-0.769026175,-0.731205281,0.112121147,0.296773903,-0.846119891,-0.865765703,-0.122126769,1.098979613
212,-0.068270813,0.496954161,-0.663669657,-1.577676117,-0.36475877,-1.079676861,1.773721292,-1.760762152,-1.896220486,0.507634272,0.4566746,0.198473467,0.057868081
213,1.084726933,1.796690193,-0.406241756,0.012251047,-1.191675063,0.887695197,0.357003023,-1.650042843,-0.013036891,0.11283653,0.24115202,0.294700748,0.02399294
214,-0.68676933,-0.660184588,-0.639454906,-0.475818917,0.88954709,-0.522013829,0.324991019,1.099553346,-0.6112019,-0.293620945,-0.491823986,-0.238428383,0.765828213
215,0.615242988,0.321245122,0.450140387,0.636328627,1.157851561,0.532862319,2.031230421,-1.257853672,-0.840996204,-0.483836596,-0.800475188,-1.220419749,0.936496126
216,-0.055790149,-1.058552707,-1.365896793,-1.171411194,0.618906639,-0.349238089,-0.222548444,0.712420217,0.183045635,-0.993188777,-0.667237946,-1.080163253,0.274680655
217,0.480506678,0.059118201,0.252530127,2.016944805,0.704736147,-0.714131414,0.971595012,-0.827566897,-0.438363151,-0.442377047,-0.886978549,-0.83791455,0.690701766
218,-0.279097873,1.534330281,-0.620301394,2.181144322,-0.345066129,0.93666989,0.326125902,0.54686761,-0.754640032,0.029609905,0.266276984,0.227495413,0.123921739
219,0.12278286,-1.717971585,0.107570226,0.728672866,-0.178762715,1.461498508,0.062993965,-0.25972721,0.253560059,0.391478174,-0.396655254,-0.157517822,0.594151717
220,0.766639271,0.877914659,1.505320301,0.455530715,-0.118882537,-0.327206645,-1.120020906,0.211940874,0.744210736,0.806718401,0.677408319,0.569787615,-1.325337655
221,-1.867051649,0.144446767,-0.248203564,-1.138082302,-0.26564308,0.7355255,0.34969791,-0.071898805,-1.594518785,-0.551595324,-0.579774088,-0.602379083,0.537302551
222,-0.59558625,-0.854268067,-0.678366788,1.629269929,-2.003538509,1.564600922,-0.558745005,0.542288406,-0.545677647,0.413870675,0.340217033,0.016651875,-0.131030511
223,0.693233859,0.991622245,-0.071935512,-0.103693822,-1.02244753,0.394509277,-0.886899982,0.258040635,-0.419572263,0.413050775,0.072416295,0.062826352,-0.380467848
224,0.668927074,0.947723464,0.155519097,-0.302688883,-0.262473965,-0.935394929,0.087032864,-0.401644978,-0.122710059,-0.728184019,-0.481661919,-0.879840451,0.828174527
225,-0.729173281,-0.905143423,-1.704846391,-0.468607035,1.659771278,-1.893899122,1.581741939,-1.867641784,-1.643520271,2.756145743,2.553649841,2.188143721,-1.925387264
226,1.794709043,-1.596592801,0.035365203,1.803838108,0.189757573,-0.649389033,1.880831267,-0.876788896,-0.757572002,-1.067019833,-1.352342864,-0.711576686,1.287128973
227,-1.024972214,-0.298790722,-1.430240424,-1.260207426,1.054862292,-1.056381188,1.576191352,0.416849453,-1.361363581,-0.030411289,0.415921644,0.902500556,-0.183958201
228,-0.124952457,-1.809833723,0.346958512,0.814598229,0.903181016,1.245700487,1.174204766,-1.1421279,-0.941237086,-1.191604068,-0.316809992,-1.222939129,1.075567873
229,-1.149284844,-0.194539325,-0.251938993,-0.041482114,0.926886569,0.143417148,-0.939252628,0.681813231,1.163822141,-0.652021034,-0.906053606,-0.658317959,0.09550667
230,1.208836057,1.361907888,0.573295733,-0.297996719,-1.408079036,0.282748012,-0.705123229,-0.983781178,-0.494309115,-0.667298441,-0.041568174,0.140031595,-0.83928846
231,-0.108658598,-0.75421523,-0.399559207,-1.767816482,1.796181061,-1.78085336,-0.428483473,-0.767245757,0.816040868,-0.488208125,-0.12931791,0.042139879,-0.063453179
232,0.726760775,0.137652444,-0.069459678,-0.377899894,-0.322241274,-1.482743601,0.048265161,0.806718439,-0.139802315,-0.732045882,-1.10819049,0.211892338,-0.200228723
233,0.090273323,0.880764454,0.286999523,-0.203045129,-0.548050506,0.605281236,-0.761767843,0.598456288,-0.697095598,0.46837867,0.12950933,-0.544210925,0.031000215
234,-0.219014513,0.501404126,0.257206999,-0.518532097,-0.667241351,1.710261845,1.189157086,-1.123767187,-0.710394332,-0.697134948,-0.283068837,-0.648453373,0.430091386
235,-0.206227179,0.427088532,-0.243700166,-0.497421191,0.94080936,-0.491059404,-0.028444603,1.384069767,-0.241137315,-0.390726593,-0.789791501,-0.827796206,0.33038169
236,1.480474377,0.146610951,1.845824872,2.472020686,0.294614249,0.078453451,0.347372293,0.001945626,1.016057236,1.013224768,0.772347553,0.970035006,-0.69407703
237,-1.042961202,-0.932181261,-0.027231808,-0.07835594,-0.940647178,-0.115662026,-0.522172839,1.256678423,1.287750944,-0.437078906,-0.527905824,-0.423313769,0.324629442
238,1.869670422,-0.351152863,0.021478856,1.028868002,-1.010907445,0.041005641,-2.976584363,0.001428341,0.293366599,1.158236646,1.271869166,1.467668511,-1.840564553
239,0.795483986,-0.468546095,0.611134296,0.157719633,-0.96148208,-0.425152281,-0.854596429,-0.558019136,-0.365896938,-0.132910052,-0.134955273,0.319564397,0.194776483
240,0.077877759,1.341832264,0.288074297,0.488075663,0.981705934,-0.617385086,0.487003831,-1.684267912,-0.575389617,-1.168292776,-0.775193946,-0.406080866,0.451815122
241,-1.712195027,0.973049003,-0.574314403,-0.677501448,1.716702275,-0.138422792,0.380110552,-0.434011986,-0.513796876,-0.175337367,-0.362564077,-0.329867569,0.988599827
242,-1.035904473,-1.329344756,-0.820947077,-0.111108855,0.048209975,-1.012145429,1.156864622,-1.677240545,-0.118737559,0.429270907,0.452353899,-0.248614433,-0.012673746
243,-0.282901146,-0.644844564,0.28825279,-0.142176443,-0.545619612,-0.074830577,-0.481823235,0.683225038,1.610986653,0.160337422,-0.155225949,-0.337907538,-0.0077176
244,0.225991575,2.765592447,1.087801917,0.362369731,1.331741295,0.464537152,-0.286099082,0.183611008,1.701281587,1.158395205,1.15973239,0.886837014,-1.543301723
245,-0.370914153,0.671630204,0.777366592,-1.013805606,-1.938824131,-0.199301556,-1.527621374,1.400545953,1.745177475,0.741158592,1.278642573,1.21023871,-0.919551849
246,1.084743113,0.835846123,0.707178189,0.850278201,-1.05202923,0.048016185,-1.701066654,0.840712254,0.982135946,2.393438678,2.104573192,2.199868298,-1.916312603
247,0.375203606,1.03223413,-0.552892262,1.951088615,-0.811495479,1.236515469,-0.918188067,-0.091921635,-0.434937924,0.9906948,0.850260807,0.681845613,-0.393525238
248,-0.304182082,0.226000814,-0.708152939,-1.390576642,-0.319264954,-1.405554679,0.497327573,-0.415747668,0.259628253,-0.280152387,-0.512565019,-0.427094341,0.609120443
249,0.225587393,0.831704745,0.047134451,0.255534164,0.020430467,0.283492856,-0.410479214,1.881136084,-1.351111604,0.271589486,-0.664285756,-0.245742032,0.400776465
250,1.826366789,-0.157284159,0.15511307,0.160993887,-0.011361225,0.356046497,0.039258698,0.996392164,0.691447736,0.43987288,0.613110013,0.042312376,-0.16679025
251,1.482247511,0.458033587,-0.094003053,1.337154055,-1.295903821,0.81632848,0.950063563,0.457569919,1.180411557,0.94849404,1.233204282,0.998180402,-0.981264599
252,-1.488664841,-0.777814502,-1.008661606,-0.835840896,-0.085986054,-0.622299054,0.967279808,0.372296861,-0.529493586,-0.446016049,-0.519272603,0.09057363,0.522075393
253,1.519997284,-1.519548089,0.631958777,0.50675756,0.013367613,-0.322891945,0.620365552,1.509057769,0.868793153,-0.407514757,0.016681381,-0.113545699,-0.06624989
254,-0.040149127,1.102915811,-0.375841293,0.630144013,-0.435561459,0.653476593,-0.927648616,0.208189083,0.173278828,0.441729216,0.220850721,0.276928905,-0.458098953
255,-1.535105561,-0.294654703,-0.678166731,-1.213650925,-0.131765841,-0.563539142,-0.199265596,0.076927615,-1.513546155,-0.502403675,-0.458854822,-0.325272803,0.49884213
256,1.270515556,-1.392766971,1.228774484,-0.450345435,-0.68294966,-0.061123392,-0.194185328,0.404563248,0.339348547,0.058053992,-0.957797251,-0.718262778,0.603447231
257,0.306123018,0.051174163,-0.676525648,-0.089566177,0.46528666,0.886951889,0.567764204,-0.41710795,0.911441296,-0.492355751,-0.398202092,-0.449306177,0.296517189
258,0.420820958,0.894702746,0.022950675,1.43334564,-0.453714654,-1.416632883,0.680500057,0.674273283,-0.207034939,-0.321908232,-0.416214362,-0.163517826,0.400608205
259,-0.116016602,0.852509728,2.174746986,-0.079806537,-1.049502278,1.189945495,0.281434831,0.646908337,0.667165249,0.458359257,1.112004488,0.843589594,-0.749543148
260,-0.997780892,1.555561111,0.686396456,-1.311238674,0.895350431,0.886419623,0.275101047,0.695594084,0.659504006,-0.778486097,-0.59941558,-0.573008582,0.356791186
261,0.551246754,2.235864589,-0.503138134,0.669646543,1.620174873,-1.408025628,0.477580297,-1.784631013,0.502840828,-1.267552163,-0.400420713,-0.93020186,1.114333375
262,-1.808760033,1.181127106,-0.172511138,-0.422696502,-0.385390644,0.377698155,-0.276735735,-0.534866541,0.040660853,-0.984841513,-0.915231503,-0.948042139,0.994589092
263,1.531539312,-0.844940785,0.550482497,1.054437446,-1.071939774,0.040359864,-0.342806984,0.978158522,1.289769595,1.037845631,0.918899283,1.113489042,-1.078513974
264,0.372768627,0.283514002,0.30102688,-0.629824551,1.476972012,-0.069781185,0.781214721,1.467205572,-0.963938659,-0.380917692,-0.894544124,-0.548166532,1.103464419
265,0.281028039,1.803919617,-0.406532196,0.363261135,0.778496423,-1.642800355,-3.490764272,0.416405122,2.454759859,0.496448982,1.068065649,0.89109536,-0.908014217
266,0.976311542,1.677868613,0.349737008,-0.194770971,-0.279591923,0.091576158,0.880426791,0.568830773,0.521628374,0.434474231,0.681017528,0.386851443,-0.295443622
267,0.167625452,-0.260898195,-0.434416061,0.536809995,-0.421151416,1.114688518,0.303209746,-0.165256685,-0.295233346,-0.316748668,-0.220982667,-0.514859847,-0.447012408
268,0.966563264,0.312705136,0.341482141,0.236654358,-0.758655443,0.56683169,-0.743142814,1.796241785,1.214925734,1.855135154,1.470090828,1.841515821,-1.541875096
269,0.592319777,-0.404232649,1.369934382,-0.010852765,1.634123546,0.938922779,0.875241198,1.086387009,0.190407615,-0.023405719,-1.139501314,-0.794153323,0.416974218
270,0.910265616,-0.084293796,-0.269073828,0.3510278,-0.817002326,-0.656967362,0.140273708,-0.175665039,0.67195588,0.516169121,-0.288310604,-0.553666547,0.628202055
271,-0.9549454,1.010655673,-1.052114884,-0.29866339,0.920592802,-0.711275957,0.079861447,-0.281916183,0.63426216,-0.977924249,-0.953442304,-0.770128089,1.265879979
272,-0.349997279,-0.275829755,-1.002168244,-0.664028733,0.493222951,-1.131906635,0.584638227,-1.365337652,-0.481231575,0.040993946,-0.005133434,-0.443470091,-0.031364725
273,-0.580697707,-1.820325988,1.007360494,-1.346742232,0.597993005,-0.48699285,-0.656691637,-0.456124275,-0.592027405,-0.254454592,-1.321524399,-0.804488608,0.658877603
274,-0.568073559,0.018767876,-1.017843813,0.09902363,0.152476706,-1.407349151,0.06439883,-0.348039276,-1.086662106,-0.602686764,-0.372754215,-0.63194684,0.601176678
275,1.177597149,0.636440724,0.611957317,1.239303826,-1.989115158,0.345666064,-1.485845778,1.2994191,2.700697435,4.109165219,3.903591558,4.110854009,-4.137225894
276,-0.248955913,1.472087214,0.400959887,0.136879528,0.269620421,-0.883797957,-0.342675503,-1.160332124,-1.0540055,-0.482310727,-1.197705689,-0.984214061,0.308538772
277,-0.693499743,0.892585617,0.167226519,0.473944691,-0.411803213,0.719244294,-2.499763432,0.492387301,2.132609829,1.574446004,1.704339993,1.36303238,-1.321183189
278,-1.065201226,1.098884722,-2.354646734,-0.553792011,-0.219234449,-1.061758806,1.143147609,0.108235979,-1.54106978,-0.429391621,-0.309115354,0.164039038,0.781991169
279,-0.286031714,-0.005323436,0.644506091,0.404950645,1.272064292,-0.216693655,-0.067341465,0.42867508,0.478667816,-0.640220416,-0.604265258,-0.481692412,0.344423011
280,0.183490132,0.314404305,0.225369787,0.436055144,-0.448107322,0.805383539,-0.585932754,-0.715972644,-0.339851636,-0.766233592,-0.300687235,-0.057146571,-0.366547698
281,-0.466318002,-0.377034865,-0.126081151,-0.322827571,1.436390635,-0.440530803,0.933359139,-0.772997809,1.308321639,-0.40869062,-0.524813893,-0.637987487,0.941158137
282,-1.656963788,0.064235028,-0.389422431,0.539452304,-0.052113882,0.21220741,-0.485181548,-0.284329134,1.435073443,-1.038945366,-0.167658806,-0.989864811,0.995964801
283,0.102704764,0.112611201,-0.917026947,-0.964540012,-2.262550986,2.132696117,0.37041748,-0.155615151,0.497238125,-0.545331149,-0.18395707,-0.182762315,-0.024693865
284,-1.21723695,-1.891481514,-0.877665778,-0.910479898,0.419751718,-1.079396835,0.524281272,-0.199887873,-0.652798731,0.639338399,0.238279627,0.110221308,0.091410268
285,-1.014199006,-1.118861041,-1.580241881,-0.389417607,0.332977719,-1.372068704,0.622244943,-1.690388822,0.142218787,0.410814388,0.501408481,0.097258532,-0.112435599
286,-0.220517498,-0.002285198,-1.142332358,0.193517805,-0.892137351,-0.289412728,-0.507712267,0.446041921,0.970599172,-0.198187764,-0.198489048,-0.145968496,-0.241906035
287,0.022833096,1.859234815,0.618190696,1.514642962,-1.544194715,1.477106046,0.472563313,2.038258199,0.192140745,2.95887871,2.505667694,2.518871918,-2.54179821
288,1.238962627,1.169610905,1.06786454,-0.05105375,0.656299876,0.601327467,0.623515411,0.450671033,0.242280621,0.045091571,0.479268846,0.433892524,-0.157045709
289,-0.589975349,1.697161219,-1.813153315,-0.296221843,0.189257259,-0.524359909,0.757387822,-1.698861994,-1.293366936,-0.486007551,0.150542731,-0.559739734,0.88790012
290,0.796457874,0.718022836,-0.347643577,-0.384166763,-0.278162646,-0.270298839,-1.569553288,0.82428786,1.375223963,0.224544308,0.149547337,-0.147650146,-0.301465777
291,-1.529250982,-0.914915676,-0.091292295,1.57087838,-0.876307832,-1.447603081,-0.132938189,-0.358828644,0.018118618,-0.531388508,-0.670045977,-0.851604744,0.910814052
292,-0.608133861,0.542128021,1.160598063,0.292119495,0.830350325,0.286523637,0.410090217,0.511411776,-0.55232165,-0.966311744,0.029103962,-0.043133589,0.332830402
293,-0.882576754,-0.682129629,-0.685039575,-0.609623368,1.113697485,-0.796351164,1.25687201,-0.901684107,-0.39828125,0.035439512,0.053391407,-0.149453601,-0.002922713
294,-0.252996813,-0.42891517,-0.392323505,1.595765039,0.652990121,-0.129846211,0.939899579,-0.895666227,-0.445201762,-0.900832151,-0.560833408,-0.217239138,0.514150061
295,-0.642945469,0.479534002,0.533449516,0.724704208,-0.58522477,1.081925298,0.515750521,0.837239947,-0.601055927,-0.849786266,0.200013446,-0.191692328,0.017558709
296,1.298125778,0.826668578,-1.035503942,-1.158393418,0.061599545,-1.086886321,0.252754729,-1.737248721,-2.041581329,-0.646585129,0.214015778,-0.89573073,0.533795354
297,-0.617311341,-0.074108724,0.145790212,1.200245371,-1.080666031,-0.583675903,0.01822677,0.082060509,0.763626088,-0.235216198,0.180240336,0.067837279,-0.271222471
298,-0.399548659,0.20594213,0.430376027,-0.599395737,-1.450948029,0.981077846,-0.309724811,-0.304669354,-1.074120356,-0.021848701,-0.894205038,-0.81682428,0.822613779
299,0.296896092,0.763350631,-0.448821807,-1.714368982,-0.826747417,0.709874057,0.204201708,-2.866557052,0.35192811,-1.439889733,-0.624717981,-1.094671283,1.171879665
300,1.508914571,-0.833234071,0.908063181,-0.636269612,-0.290229664,1.603407398,2.315734262,0.888204293,0.423482594,-0.079678138,-0.447835251,-0.27552562,-0.205624509
301,0.175151012,1.279807725,3.175805771,1.665677627,0.109210751,0.793861011,-1.006243607,0.521063848,-0.162582634,1.313512502,2.06266626,2.280753195,-2.374876058
302,0.297432545,0.941277803,2.096247074,-1.35848379,0.849547134,1.312978179,-0.639581064,-0.701923093,0.242447335,-0.379124382,-0.558342303,-0.117601458,0.629476283
303,0.089082304,-1.711361386,1.37808917,1.14816791,0.734138093,0.665122568,0.026292977,0.120263214,1.344063449,-0.657486397,-0.646432499,-0.204906174,0.203310549
304,-1.837327258,-0.270390539,1.7394126,0.123348635,0.97306972,1.379404599,-1.777432464,-0.607839593,1.006464305,-0.385410745,-0.585747628,-0.671645597,0.894823713
305,-0.663332106,-1.381933771,-2.028506973,-1.597684615,2.055184556,-2.593992036,1.834432632,0.245663228,-2.305131335,3.444059697,3.061690684,3.460526401,-2.967218619
306,-0.702998792,-0.852282813,-0.664083449,-1.744866025,1.442808464,-1.588836295,1.950530122,-1.576041556,-0.022906922,1.552994275,0.591679725,0.849995445,-2.045417876
307,-0.199442692,0.841066439,0.840979337,0.89682033,0.575347546,-0.533047731,-0.786531285,1.098291022,-0.119297753,0.247120267,0.337191395,-0.076118121,-0.078147419
308,-0.0212765,-0.298381462,-0.66403606,-0.774595947,-0.444409795,0.470024349,1.025337929,0.471183739,-1.629497919,-1.029768283,-0.7607359,-0.533503316,0.108032652
309,0.327939607,0.881778284,1.1784759,0.747573046,-0.886516791,1.749970658,0.437635591,0.282381006,-0.292314509,0.456227715,0.927133388,0.653962661,-0.704239012
310,-0.345551103,-0.108512515,1.771569134,1.47500014,0.38422426,1.78373818,-0.261041164,-0.382645066,1.01633251,0.22171949,0.509792899,0.687790984,-0.514573474
311,-0.443535621,-1.384047025,0.754207229,0.952418144,-0.460362303,-0.039091592,-0.876970348,-1.044984093,0.571158471,-0.411334714,-0.657326382,-0.838355179,0.246534333
312,-0.281770511,0.301779188,1.035270991,-0.02503734,0.058404997,1.261731615,-0.806127368,-0.718992333,1.112875989,0.033052475,-0.189958993,-0.009116829,0.121215584
313,0.234295272,0.633776323,-0.862839172,1.192795113,-1.223610582,-0.589354446,-1.208842627,0.224581641,0.237023735,0.081897671,0.205349876,0.190706888,-0.79644052
314,0.400725809,-0.849319143,-0.793442205,0.903030032,0.730457063,-1.49200706,-0.163929141,1.838836868,0.28118448,-0.828732547,-0.637809001,-0.066034954,0.36282418
315,0.065174055,1.631347941,-0.66707526,1.141368371,-0.424848478,0.46320288,0.239298798,0.638356605,0.053531871,1.028434893,0.416988539,-0.111276213,-0.142660734
316,-1.802453986,0.204056483,0.157031635,0.570773877,2.051486359,-1.937982111,2.208403731,-1.356050766,0.686195921,0.352963341,-0.557981317,0.174846182,0.285758584
317,0.950747241,-0.599742498,-0.0425934,-0.152886094,-0.379351168,0.878488877,-0.236312381,0.7033249,0.472826838,0.457874928,0.052243987,0.329056619,-0.123934755
318,-0.563511936,-1.062938348,-0.533684704,0.705236559,-0.566529677,0.731051475,0.233116839,0.785992064,-0.755820747,-0.403640233,-0.671380931,-0.343155414,0.524685541
319,-0.858868162,-0.419739999,-1.641448287,-2.345051988,-0.26349049,-1.035175723,1.179479267,-0.235346353,-0.152777237,-0.318723403,-0.330593423,0.129242462,-0.389715925
320,-0.447222342,-0.14825008,-1.142204541,0.550513717,-0.081173496,-0.59905113,-0.50755795,0.271920777,0.11185133,-0.578286398,-0.204840687,-0.4824142,0.648438794
321,-1.484686299,-0.361671946,-0.524354364,0.186629951,-0.638922297,0.886468299,0.453222188,1.283492788,-1.857047074,-0.815137705,-1.124867092,-0.893091762,0.800364973
322,1.508750252,-1.75076458,2.013125312,1.330890376,0.144276941,-1.426173544,-0.401247768,1.045849803,-0.864949734,-0.343353347,-0.521888913,-0.702120482,0.351175211
323,0.558399249,-0.036267751,-0.302987924,-1.369721428,0.160893467,-0.227637384,1.26265183,-0.724111545,-0.285092358,-0.57987611,-0.157221434,-0.142169356,0.595921445
324,-0.079937987,-1.44576954,-0.403553343,0.595656018,0.194560828,1.328156144,0.106541657,-1.25924761,-1.375181344,-0.831497182,-1.047756856,-0.976574698,1.28979093
325,0.449587424,1.08421743,-0.025726455,-0.51122084,-0.36871906,0.206707829,0.059970663,0.752197855,2.315538283,0.346333446,0.17808979,0.754648452,-1.325063109
326,-0.413419453,0.444637545,-1.019400863,0.463270906,0.644902024,0.141511788,-0.136608587,-0.232803736,-0.434514967,-0.774723478,-0.733626754,-0.182593715,0.278948517
327,-0.12113831,0.168341484,-0.672826868,-1.106274214,0.053958052,-0.166759969,0.784996036,-1.314365619,-0.443941154,-0.174574327,0.282676665,-0.876540806,0.856236492
328,-1.582790871,1.050673743,-0.440840734,-2.180705265,-1.048010952,-0.232100191,0.874285176,0.364897505,-2.419723395,-1.228705076,-0.786223347,-0.851205671,0.798990142
329,-0.409812822,-0.529640145,1.076103339,0.545540728,0.027022835,0.740540495,1.186339964,-0.195231591,0.203611254,-0.960893068,-1.020577611,-0.352499986,1.277019056
330,-0.182214849,0.831965568,0.199974909,-0.937563118,-0.723281554,-0.787893349,-2.411960843,2.44567488,2.290885069,1.484348734,0.880514836,1.317427646,-1.373440895
331,1.850900278,-0.533345466,1.493316654,-0.21316414,-0.523483828,1.033938261,-0.02244523,1.696753294,-0.03202074,0.986996941,0.969476108,0.852376232,-0.68448027
332,-0.773672629,-1.095439766,-1.225716629,-1.795379125,2.485588043,-0.317588868,1.717490736,-0.842016287,-1.034210032,1.772916843,1.160801613,0.803467883,-1.619532204
333,1.206360603,-0.300079572,0.04271054,1.34820408,-0.363332568,0.011951388,-0.29964844,-0.213485844,0.752798225,0.152532695,0.280629501,0.392125059,0.388810806
334,1.081986124,0.646532311,-0.371128809,-0.154105082,0.126773856,-0.470964668,-1.699904127,0.909744491,-0.809649978,-0.330581014,0.10766723,-0.321989797,-0.295367254
335,-0.059071608,0.50953102,-0.363644656,-0.357494748,-0.097494758,0.307351576,-0.581742419,0.614326733,0.360781654,-0.179825933,-0.60846715,-0.118795839,-0.053339272
336,-0.666239246,-0.419371855,-0.754178434,0.159888903,-0.953225599,-0.084901303,0.207563882,-0.929488291,-1.242543558,-0.784847627,-0.675359819,-0.907976588,0.109810194
337,-0.19322505,-0.738641401,0.886579133,0.88767163,-0.063277783,-1.031833203,0.105498078,-1.297358544,0.551054843,-0.368906809,-0.952003844,-0.5236537,0.951062111
338,0.490559988,-1.940695939,0.147874246,1.652213792,1.164207929,-1.329431387,0.422346263,-0.902568682,-0.358008621,-1.055085076,-1.262591882,-0.577392909,0.727409636
339,-0.373283497,-0.011126695,1.007985663,0.202560314,2.736455341,-1.905563801,-1.016571405,0.231203908,1.028459954,-1.254137537,-1.218746688,-0.679977227,1.250192803
340,-2.110526205,-0.147779085,-2.498677787,-3.18409326,0.40137742,-1.969368504,0.956409478,-1.499181341,-0.083328508,1.367743918,2.345329275,2.107305155,-1.785578108
341,-1.377094264,1.381125322,-1.090785791,0.605896483,0.296065645,0.082383029,-1.143894659,1.487754275,-1.020081501,-0.405008013,-0.085129139,-0.875916338,0.412991088
342,-0.607395424,-1.248775223,-0.581836385,0.142832019,0.116329818,-2.336697246,0.878406997,0.051042083,-2.367205573,-0.067743415,0.028442392,0.278549984,0.038904402
343,0.775459342,-0.014909314,-0.599224237,0.009350229,-0.776926868,1.21658386,-0.874343464,0.890279211,-1.293483735,0.322248182,-0.166610787,0.082938786,0.386906944
344,0.108207036,-0.432308408,-0.007482561,0.899709798,1.17566375,-0.164477528,0.29790133,0.301532652,-0.721148434,-0.585840099,-0.854262005,-0.82858196,0.742928177
345,-1.198814861,0.110234801,-0.448415585,0.18172726,0.228971765,-0.071623373,-1.675824173,1.130073404,-0.961816087,-0.456451253,-0.52805385,-0.347646822,0.261893655
346,0.450648616,-1.449945749,-0.347930466,-0.460171891,0.720570192,1.201838699,0.527714593,1.696733045,-0.062425862,-0.668301341,-0.252700524,-0.680166644,-0.100519685
347,-0.119523464,0.189864443,0.60865557,-0.082550205,-0.035135631,1.312804303,-1.282321988,1.718666837,0.347901832,0.804230014,0.051136724,0.918977112,-0.509707133
348,-1.918185954,0.575528381,0.0736463,-1.044611852,1.010926701,-0.359192708,-0.693263274,0.827478823,-0.742668449,-1.002543443,-0.656636007,-1.052390431,0.605528335
349,1.204258483,0.538734363,0.828172459,1.527785029,-0.548018779,-1.653364728,-1.53784879,0.018515143,0.154812439,0.79963937,0.493359774,0.011248563,-1.389909872
350,-0.238654416,0.084460695,0.739256821,0.515781756,-2.31219631,2.241451194,-0.376353288,0.851894732,1.284686128,2.145259527,2.664402558,1.718584888,-1.885772571
351,-0.048677389,0.643269239,0.133530529,-0.143843767,0.388125841,0.495216753,0.665271822,-0.903902667,-0.273262091,-0.63715111,-0.529716007,-0.048249721,0.889178451
352,0.081834576,0.633123591,1.774033023,-0.059178545,0.542976375,1.820175981,-0.674278216,0.283750595,1.419301356,0.576204033,0.716664307,1.242145772,-0.59058127
353,0.305770554,-1.308361906,1.049302327,1.690882117,-0.816137735,0.300976075,0.634610698,1.118580871,-0.351349847,-0.287586095,-0.191383838,-0.366211285,-0.401375721
354,3.042014189,0.026144867,1.299939331,0.917822812,-0.766588439,0.618746337,-0.158115558,1.559494644,0.227610407,2.355140196,2.404549611,1.994173091,-2.588452503
355,-0.197664735,0.864684574,-0.330228606,0.052366659,-0.286595101,0.458101443,0.182511985,-1.020414749,0.551012154,-0.356293597,-0.452685229,-0.803857639,0.35862567
356,-0.026414652,0.484414531,-0.890461621,0.339732521,-1.128694416,-0.705555483,0.540123734,-0.076885626,-0.269981946,-0.409326611,-0.623368628,-0.215749104,0.372725022
357,-0.442244408,-1.275043888,-1.136265369,-0.75309233,0.536460435,0.155834582,3.036247309,-0.979355633,-1.281924861,0.699322333,0.768876937,-0.04453489,-0.651174836
358,-0.539510201,-0.197102442,0.898207102,0.569307661,1.287736614,0.033328819,0.974545572,-1.382236112,0.139576176,-1.107364855,-0.756596057,-0.849024256,0.62363264
359,-1.331039216,0.258117563,-0.826197734,-0.853037851,0.432279721,-1.267936425,0.894297656,-0.097039419,0.397660192,-0.393210077,-0.389018222,0.055337679,0.771188777
360,0.045237892,-1.730392061,0.458318413,0.122692074,0.052042635,0.26468257,0.337420098,0.932630299,1.004569661,-0.90291652,-0.284937313,-0.651207284,0.835204623
361,0.681091616,-0.622415023,0.519886635,-0.007952278,-0.787656674,-0.786222158,0.694782571,-1.036371705,-0.087244327,-0.269236747,-0.74337073,-1.257294045,0.629207331
362,1.150746502,2.491321693,-0.069820467,-0.378098852,-0.755409602,-0.077184722,-0.552270704,0.309377779,-1.381271087,-0.05805489,-0.078361454,0.370602068,-0.282452313
363,0.493201657,0.630864188,0.07577729,0.234675204,-0.987032474,-0.471194732,-0.354692491,0.851104233,0.298418718,0.431596527,-0.022730741,0.690778955,-0.347611524
364,1.067996992,-0.81466402,0.981872669,0.965389961,0.211574619,2.064103985,2.123138905,-2.444616189,0.805885925,-0.503751748,-1.017840382,-0.690043447,0.725497013
365,0.44689369,1.993671851,0.822249149,-0.057930633,-1.10989881,-0.117392117,-0.512669489,0.126635928,0.477788407,1.06993985,0.578075019,0.777112934,-1.081667251
366,-0.89499986,-1.535466396,0.196627814,-2.037870671,1.081508268,0.034525026,1.289300207,-1.68481707,0.355166964,0.031335182,-0.01623104,-0.048891321,-0.069633425
367,2.338717516,3.192692094,-0.3954974,-0.210157985,-0.62805704,0.741226324,-1.010338133,-0.232146059,2.251514296,2.439829585,2.784889496,2.759035774,-3.070659821
368,1.067944583,1.11590039,-1.349762829,-0.149181036,-0.594829264,0.445997878,0.243559678,0.452782764,1.973686879,-0.031407891,0.165225862,0.031893853,0.262071477
369,0.324630201,-0.121419788,1.728128761,0.693053609,0.328022229,-0.270844238,-1.091430642,1.520060155,2.806863138,1.441183828,1.66129993,1.820500783,-1.647634043
370,-0.913474349,-0.203454037,0.136781722,-0.479794041,-0.543762855,-1.980892619,-0.65082536,0.86554164,-2.269243809,-0.521344029,-0.686415822,-0.773604583,1.161049405
371,0.973466624,-1.111348938,-0.077389581,-0.519277193,-0.062104754,0.596645202,0.973797468,-0.65064778,-0.994005968,-0.820191664,-0.668196627,-0.648234704,0.28710092
372,-2.028333237,-0.691661445,-1.683887227,-0.080951035,1.577308525,0.709350822,1.144108851,-0.162210566,0.520944342,0.037873453,-0.443801189,0.072695485,0.11462944
373,0.84602385,1.689107126,1.749763511,0.523279528,-0.614126236,1.11796116,-0.602654633,-0.742037377,1.668993383,1.751548164,1.833919099,1.993157012,-1.932505858
374,-0.967736122,1.695217531,-0.672692373,-0.993960561,-2.330891157,0.593022531,0.269202871,0.287182146,0.553447475,-0.621440537,-0.65895344,0.176088585,0.498169941
375,0.408777201,-0.380352117,1.19382988,-0.508041724,0.711446148,0.116290835,-1.06404088,0.065020076,-0.093840102,-0.090427602,-0.08043282,-0.20401558,0.262410463
376,0.247296779,0.889373829,-0.036341004,-0.806508919,-1.412380127,-0.701028736,0.251950242,1.197231074,0.792927089,0.112990459,0.108579661,0.134924617,0.117152046
377,-0.18057912,-0.987244157,0.536543742,0.801364858,0.058478294,-0.41316042,-0.651011609,-1.371770697,0.123851866,-0.672920436,-0.824088309,-0.753939855,0.931072683
378,-2.628120415,1.979591265,-0.049222749,1.103725319,1.849383072,1.414386415,0.541400238,-0.207298591,-0.685634026,-0.798179978,-1.336727861,-0.925982237,1.435010673
379,0.144681216,-1.018125694,-0.042154167,0.162582187,0.965937733,-1.498661537,-0.026908518,1.09226608,0.233292252,-0.407764,-0.699784089,-0.153918699,0.841734169
380,-0.424241778,-0.70130166,0.993511271,0.679057413,1.369225492,2.226620482,0.372952454,0.039236275,0.347921709,-0.215722874,-0.580510778,-1.108089488,0.87531883
381,0.932102187,1.526836381,0.499762458,-1.195619635,-1.141421883,-0.474422338,-0.999025537,1.988925893,1.946324546,1.822653586,1.662446591,1.286278176,-1.643088975
382,1.100503255,-0.262348622,1.08677835,0.493696961,0.229189962,0.660356077,-0.455682206,0.204154151,0.410119791,0.039568529,0.832899499,0.353929907,0.029143885
383,0.017896854,0.732154931,0.205323269,0.091529577,0.612137602,-0.055168094,0.228679863,0.211213525,-0.247605177,-0.531046841,-0.159407337,0.098965332,0.601651959
384,0.015023483,0.500898386,-1.15817428,0.220223319,-0.468875853,1.202220056,0.091432843,0.767084918,-0.672004937,-0.519963865,-0.194185584,0.151685514,0.711231176
385,-0.08873874,1.336906908,2.90953892,0.665873502,-0.043524938,0.851862068,-0.594098772,0.52186801,1.973521452,2.329424424,1.88586535,2.636974569,-1.782955692
386,0.005298304,-0.757238419,0.70110151,0.126210291,0.515281199,0.618817551,0.05357105,-0.668484155,1.149211915,-0.149589785,-0.00306139,-0.027353061,0.167927611
387,-0.831513327,-0.137290203,-1.5850649,-0.223576977,1.000555108,-2.744990891,0.598080439,0.426118682,-0.817482113,0.192320199,-0.242725603,0.193960633,-0.574258431
388,-2.048320415,-0.980245768,-1.447956239,-0.235245225,1.547256732,-1.558636275,0.563742584,-2.27361326,-2.553284142,2.387594548,2.232983464,2.09786378,-2.350528796
389,-1.607647844,-0.613918208,-1.16240264,-0.377344894,-0.04344592,-0.358705182,1.707001735,-1.954242327,-0.69787126,-0.010473746,0.408938417,0.420616034,-0.742407467
390,-2.029541583,-0.649797169,-1.114411891,-2.286608279,0.333850767,-0.402550848,1.491969419,-0.713499907,0.211965418,0.34228454,0.563097274,0.38721953,-0.263132636
391,-0.527545311,-0.779371465,1.413268912,0.1019876,1.277942954,0.918319929,-0.272428887,-0.644889771,-0.860065226,-0.675279949,-0.676356498,-0.524630301,1.026393644
392,0.959292604,0.16799093,0.941379296,0.214042906,-0.665579492,-0.397168267,0.663689756,-0.866088205,0.512269402,-0.296823211,0.310342379,-0.234213731,0.226565434
393,-0.9450723,-0.676589948,-0.657524475,-1.535128454,1.486727364,-1.090945843,-0.276386327,0.6591807,-0.724726991,-0.097109282,-0.349208539,-0.279890771,-0.049334247
394,-0.95576443,0.795248809,-0.511232423,-0.219300171,-0.471997179,-0.383286139,1.244308185,-0.982527408,-0.583499631,-0.771913347,-1.083411779,-0.180606762,0.752710695
395,0.081505187,-0.855340041,0.611455787,-0.289072555,-0.504776105,-1.258692769,-0.598220323,-1.023583403,1.217382986,-0.427149723,-0.889865771,-0.855785632,0.758966141
396,-0.237543914,-0.098119599,-1.791993349,-2.029617731,0.32935489,-0.750218891,0.129690844,-1.523605589,-1.987659564,0.608470066,1.147904342,0.652686697,-0.021186907
397,-1.215336875,0.85194973,0.331803463,0.45076453,1.866319292,0.614023167,-0.478036393,-1.18507612,0.2617303,-1.246650259,-1.543310993,-1.009240503,0.433297497
398,-0.532622623,0.235306493,1.279215136,0.871489406,-0.183567736,1.655216999,-1.626628345,1.023761458,1.798859261,2.450443903,1.869907704,1.910148762,-1.971872391
399,0.759477424,-1.367048948,-0.935458618,0.178497851,-0.33908657,-1.002027446,1.713956471,1.48381795,0.259676486,-0.735314954,-0.869088619,-0.451863624,0.801761549
400,1.162582488,1.374577725,-0.393529186,0.285915045,-0.64498545,1.26381134,-0.776128174,2.046695082,0.955379,2.363562175,1.884941291,2.570386269,-1.632642976
401,0.77994982,1.215795703,0.096768027,-0.341396471,-2.769341319,2.144062712,-0.933676305,-0.188184583,-0.641612639,0.997511178,1.412678766,1.277088142,-1.873273786
402,-0.509925216,1.006920147,0.248383004,1.621874108,0.283785584,-0.635119169,-1.922938976,0.102805184,-1.076019422,-0.565897309,-0.071438631,-0.524552744,-0.161626291
403,0.061796337,-0.715169324,0.33046139,0.399566234,-1.022268472,-0.492795288,-1.394619666,2.467199363,0.591523661,0.265988897,0.349877955,0.702658051,-1.40902818
404,-0.803277374,1.285072364,-0.817803898,-0.659530355,1.396389855,-0.563937464,-0.375598803,0.395473407,-0.911553902,-0.324213729,-0.429187277,-0.460959935,0.540312052
405,0.218102299,-1.584003871,-0.400106627,-1.339687218,-1.284812009,0.133253666,0.313537037,1.089647618,0.1417528,-0.340418172,-1.087129272,-0.517195056,0.53059062
406,-0.086897491,-1.13381329,0.121821186,-0.468717966,1.688150843,0.133365546,1.842809604,-0.635844243,-0.128027756,-0.455184182,-0.321181928,-0.565816347,0.573516874
407,-1.5978633,-1.111334263,-0.132381152,-1.520363315,1.556777261,-0.469204748,-0.113442581,0.155898607,-0.854025932,0.148477349,-0.340025137,0.57745341,0.115206589
408,-0.60445196,-0.121655124,0.641238846,-0.466765376,1.774618262,1.078839322,1.365751286,-0.032917336,-0.402329855,-0.686905127,-0.655449177,-0.885254365,1.080736259
409,-0.705614272,-1.277076116,-0.774223651,-0.484940994,-0.099960384,-0.76333631,0.067635477,-0.637378676,-1.797580706,-0.319338276,-0.267341863,-0.633703466,0.217014612
410,-0.493319947,0.256463908,0.207524941,-1.512098806,-0.347149353,0.551202993,-1.33004096,1.217233774,0.707410872,-0.58270513,0.085557483,0.32792278,0.174437249
411,0.52055724,0.562224027,1.246127329,1.381108108,-1.977466155,1.313500084,-0.191397904,-0.807022511,-0.6449946,0.443798252,0.720934661,1.205555256,-1.001086388
412,0.984002487,0.223325295,0.466985975,-0.525115232,-1.203499315,1.023671369,-0.145267775,0.034266476,0.86357565,0.373167985,0.811107874,0.692022095,-0.366756419
413,0.9055316,-0.376078001,0.469169344,-0.327664345,1.980059058,-2.152830554,0.824899172,0.198404982,-0.046654591,-1.182342092,-1.159459125,-0.653580635,0.623650481
414,0.494981613,-1.126024415,0.543730169,-0.768675499,0.165176684,0.066981001,-1.094665334,0.332271212,0.137661628,-0.827494057,-0.113915798,-1.252616687,0.158259226
415,-0.925108444,-0.91562767,-1.809548982,0.217461346,-0.276303238,-1.208408189,-0.316681442,-0.490003977,-0.909843261,0.256257321,-0.831034056,-0.345554852,0.654467923
416,-0.164356745,-1.02197982,1.981952249,0.06005165,-0.048998024,0.308790728,0.159105231,1.018703916,-0.90804873,-0.466765167,-0.648389064,-1.007466562,0.744425205
417,-1.06372491,-0.130166976,-1.67977114,-1.172548449,1.566643327,-0.344202871,1.854193749,-2.011024175,-0.361725326,1.225161505,1.158418208,0.558033206,-0.44258654
418,0.769095412,0.030904072,1.532454482,2.33269033,1.115075781,-0.204216113,-0.776558045,0.436818671,2.079462918,0.979824011,1.269564152,1.243348708,-1.1578333
419,-0.840132555,0.968442161,0.906564365,1.080732319,-1.470086768,1.312797684,-0.144906849,-1.93165306,-2.790360799,-1.191571792,-0.620824524,-0.078653005,1.375653927
420,0.81432331,1.42278426,0.185536787,-0.497307065,0.615342938,-0.007324064,0.908014009,0.023702796,0.24690789,-0.467965925,-0.013787191,-0.212142612,0.383631743
421,-0.969000144,1.623786545,0.760396791,1.218505793,1.280051369,-0.254624532,0.302927313,0.475868148,0.566769862,-0.536721625,-0.53936432,-0.414706988,0.370809399
422,2.065935939,0.404415432,0.035247534,2.050593001,-0.473960792,-1.047392672,-0.62515307,0.727250618,0.773096304,0.987187951,0.459978826,1.382564868,-0.561578853
423,-0.27994415,0.155132929,-0.315212212,-0.299472175,-1.668832819,-0.109148915,-1.486923657,0.057863692,1.478001936,0.409897126,-0.11599098,0.806736984,0.174792015
424,0.470812267,0.109665895,0.020112837,-0.372797726,-1.105590727,1.061503435,-0.804561909,0.473617711,-0.044901546,-0.325443747,0.388780326,-0.271505695,-0.163130147
425,0.563197491,1.510812312,1.165132975,0.873454188,0.873101934,0.046645446,-1.355720816,0.66626897,0.424208605,0.839368213,1.138583217,0.680049926,-0.747242264
426,-0.571654015,-0.101140412,-0.916522359,-0.964296589,1.390145008,-1.459529018,0.884055384,-0.512474388,-0.683466004,0.26001849,0.478930807,-0.11580334,0.813308729
427,-0.308614658,-0.139486657,-1.146893629,-0.49851329,1.256896161,-0.459157393,0.901857213,0.341894618,-1.048247527,0.36458409,-0.291136717,-0.61108056,0.586684078
428,-0.48074278,-0.189555943,0.177629553,1.012577143,0.403776988,0.329435855,-0.218152694,-1.477191982,-0.584195201,-0.09568852,-0.239005655,-0.217018015,1.244015639
429,-0.005364945,0.220348447,-1.202551169,-0.360456863,1.747288265,-1.336713977,-0.093709394,0.650529695,-0.646587864,-0.229611232,-0.414874806,-0.787263472,0.30458626
430,0.169513538,0.469334061,-0.615886145,-1.334537741,0.862606522,1.061303254,1.633621787,-0.706124594,0.070902381,-0.862010931,-0.114392456,-0.948124276,0.862723122
431,-0.34820153,-0.196496517,0.27806193,0.148597434,-1.687787253,0.13005954,-0.875048664,0.505926637,1.17532152,0.546488618,1.145986249,0.675557874,-0.083643426
432,2.408474926,0.56918662,0.862080387,0.676511732,-1.308059691,0.491042902,-0.680020542,0.553638981,0.655898253,2.090395633,2.221045702,2.023671183,-2.011429401
433,-1.007985525,0.829996228,-0.662718423,-1.266348552,-0.331424333,0.045890924,1.336628744,2.763791344,-0.111648156,-1.104370967,-1.201180594,-0.594988526,0.931412727
434,-1.003023402,-1.594733965,-0.001064862,0.251663922,0.584730972,1.076363975,0.277811971,-1.038579021,-0.926596096,-0.503908294,-0.810230332,-0.827947499,1.125627808
435,-1.514813299,-0.281600692,-0.25004421,-1.634033526,0.340586145,-1.940321429,-1.383957673,-0.900159139,0.21913549,-0.709079707,-0.552676214,-1.016760761,0.505146529
436,-1.076420774,-0.210758041,-0.320452107,1.0301603,0.643712375,0.472515672,1.514168808,-0.51756872,-0.874151462,-0.193874351,-0.71503492,-0.842645019,1.31732285
437,-1.013431199,0.225517359,0.704720771,1.201400672,0.0104743,0.438647345,0.126859266,0.244075664,-0.968124968,-0.716365815,-0.51128262,-0.105817535,0.399034817
438,-0.217595882,-0.60964352,-1.062264781,-0.934344135,1.341742757,-0.523372046,-0.106714079,-0.965008423,-0.638251408,0.635931084,-0.009739043,-0.365328358,0.169579876
439,-1.02793262,-1.839244501,1.698970608,0.425469263,0.362387071,-0.006176208,0.876493853,-0.3116019,0.283296494,-0.624268027,-0.661187901,-0.575764807,0.916685473
440,1.175570548,-0.494138442,0.463580538,0.086120219,-1.21514082,1.243587771,0.890560398,-0.304136985,-1.626524107,-0.374155948,-0.31889444,-0.46564248,0.172428886
441,0.203211264,-0.327916018,-0.302505436,0.126831769,0.756415914,-0.355928292,-0.639942369,0.187626085,0.479566244,-0.761896638,-0.474902478,0.0965085,0.236026041
442,-0.237827473,-0.693453776,-1.033977565,-2.075770703,-0.709841413,-1.394061714,1.159898808,-0.265695329,-0.360046594,-0.303815621,-0.182353815,-0.259273331,0.728416456
443,-0.950942476,-0.872087154,-0.244909383,-0.828289192,1.557522106,1.154259534,1.659895266,-1.422931805,-0.592553571,-0.399380871,0.066918469,-0.305123686,0.710657147
444,-2.446527843,-0.807516618,-1.385073767,-1.40316875,1.418146496,-1.467244735,0.1407279,-1.136267452,0.233116889,0.798770658,0.535611252,1.288875323,-1.504673489
445,0.104558926,-0.430692701,0.741130698,-0.273905747,-0.299666051,0.662911737,0.492446163,0.920399124,-0.48869732,-1.077947357,0.069799065,-0.546221295,0.452617744
446,-0.272224927,-1.122411448,-0.770436843,-0.225528488,-0.008288382,0.378678612,-1.699859349,-0.218833962,-0.823867658,-0.855143014,-0.834526062,-0.877687111,0.622342587
447,-0.437737177,0.592852008,-1.845393017,-0.170528223,0.051203008,-2.137773733,-0.73624383,-0.309923201,1.460084396,-0.901913227,-0.930133717,-1.236633946,1.38598764
448,-0.300059909,-0.794715638,-1.778141512,-0.020599013,0.272239882,-0.024213407,0.337003983,0.809930865,0.617955575,-1.038801681,-0.413524396,-0.932702522,1.092097765
449,0.759065147,0.440270992,-0.542635816,-0.13350182,-0.552050633,-0.515961593,-1.13531387,-0.1404351,-0.605999862,-0.119806075,-0.60254512,-0.562988631,0.097639433
450,-0.811898775,1.726821938,-0.653801638,0.126438083,-0.184878238,1.317923271,1.170487794,-0.944707537,-0.512426511,-0.602918831,-1.110766609,-0.635668251,1.091701362
451,-0.570485813,0.008876329,0.067401832,0.178382228,-1.521245625,-0.124637662,0.891288584,-1.870671382,-0.067324301,-0.457402821,-0.812888427,-0.712400052,1.123130755
452,0.666597298,-0.00141238,-1.059791761,0.302485435,0.632714301,-0.907475004,0.00472113,1.733123874,-0.995735008,-0.818779955,-0.461524186,-0.415824649,0.801887981
453,-0.443999716,-0.080996471,-1.337015685,0.148308014,0.868985522,-0.717304738,1.081691039,0.503106153,-0.789224552,-0.215590505,-0.621259231,-0.353565342,0.197858261
454,1.230383318,-0.502706114,-1.54734858,-1.954819298,-0.174985126,-1.695640895,0.352544206,-0.454534633,0.795706065,-0.846279479,-0.458902911,-0.322278469,0.451407854
455,0.413505636,-0.456841463,0.566793093,0.128359442,-0.884202685,-1.006560345,-1.368127771,-0.731241252,1.428554684,0.378188011,-0.399345747,-0.246825907,-0.691080854
456,0.592715299,0.353828898,-0.594983712,0.116696202,-1.619891865,0.105434244,-0.901662159,-1.511954797,0.682144723,0.018636238,0.129053135,-0.666126193,0.265288649
457,0.016119021,0.592941297,0.651128497,0.789117655,-1.874964767,-0.053692647,-1.700200196,0.593764168,-0.43952595,1.161970064,1.009534058,0.666363451,-1.290542582
458,0.000467879,-1.985025546,0.145872829,1.58832348,1.170162967,-1.364132019,-0.49179385,0.103471636,1.400100105,-0.876155758,-0.879767326,-0.720662886,0.248452401
459,-0.726064688,0.723516861,0.45926321,0.811149299,1.391563074,0.407014993,-1.299594162,1.041671791,0.936405048,-0.132259891,0.903748948,-0.001111453,-0.493979421
460,-0.472358855,1.156533762,-0.067030215,-1.557062962,0.021606671,1.131915327,-0.1228443,0.016334279,-0.164484529,-0.628964522,-0.525060603,-0.672416374,1.074695997
461,-0.978150102,-1.903283418,1.334474634,-0.917529821,2.10481613,0.303842934,0.211356993,0.316941344,0.242720755,-0.901923757,-1.24790284,-0.69833797,0.837364971
462,-0.1193551,-0.475275406,-1.618782094,0.08516681,0.378398499,-0.281973088,0.486327437,-0.839150654,-0.362768198,-0.853388653,-0.271140785,-0.502678647,0.301979618
463,-0.000101803,0.456547732,-0.031958202,0.450757118,-1.609451553,0.381216556,-0.511733502,0.364731836,1.572306823,0.832746716,0.743239124,0.996927938,-0.762232196
464,0.824272173,-0.429430922,-0.882441665,0.50050217,0.05379489,0.317773759,1.627752485,-0.205620959,0.707305564,-0.526656933,-0.468064222,-0.541923327,0.350921984
465,-0.192134139,0.329941804,-0.022518551,0.044122838,0.952779664,-0.775562816,-0.398430615,0.149916276,0.294185188,-0.574703439,0.086815623,-0.314569967,0.183212709
466,-1.509758835,-2.282310727,-0.632257667,-0.952006361,1.004085677,1.465029762,-0.298037177,-0.181215876,-1.677291263,-0.522372639,-0.116429003,-0.802854586,0.521243541
467,-0.574386185,-1.182123592,-0.742915534,-0.154056809,0.250671275,1.069297659,1.191602995,1.235784166,-1.404458588,-0.262140396,-0.48384565,-0.72546119,0.202843468
468,0.581994286,-1.305587754,-1.388770313,0.163039232,-0.738293994,-0.336466541,0.765203932,-1.363394465,0.461645776,-0.97064693,-0.519278305,-0.785610112,1.179618465
469,-0.764115727,1.277412646,1.125923181,-1.365853384,1.735636117,0.255679376,-0.841919666,-0.34111005,-0.706610703,-1.033874552,-0.553445669,-0.589738503,1.07116661
470,-0.691591556,0.714577024,0.155330466,0.713793122,-0.273040314,-0.713532605,0.037538169,-0.065058523,-0.887338665,-0.687070035,-0.298996671,-0.331811969,0.303120603
471,0.086770067,-0.334777335,0.506137601,1.064872441,-0.722585673,1.140018647,0.493289068,-0.287724125,0.314006582,0.232222849,-0.319767924,-0.296135933,-0.186007881
472,-0.841435416,-1.293760546,-0.170451001,0.39527589,-1.717356508,0.482284862,-0.225396514,-0.880071414,-1.336977923,-0.994903675,-0.675526312,-0.545473816,0.975689647
473,0.329981689,-0.589552731,1.260547857,1.676456495,1.107918812,0.281974429,-1.179775,1.647976768,1.212037772,0.754090466,0.522135124,1.048487137,-0.527010045
474,1.53448056,1.135578931,1.163474317,0.724615006,1.078781752,-0.745954506,-1.830375546,-0.030942682,0.923111125,0.786500619,-0.284496157,1.016898243,-0.303983703
475,-0.466171265,0.897857735,0.53288392,-0.320527445,2.56835148,0.508274381,0.566363845,-2.627506838,-0.621714953,-0.714539576,-1.029642985,-0.487031086,1.121596682
476,-0.928572927,-0.97721138,-1.657080269,0.33802257,1.23601703,-0.294104342,0.952889958,-0.696982915,-0.194346076,-0.51301842,0.144822609,-0.224187032,0.686471658
477,-1.527311512,-0.266896767,0.307181527,0.992529715,-0.386177391,0.264936021,-0.48469031,0.545044337,0.095523009,-0.337678189,-0.344179236,-0.139802512,0.017751889
478,0.606577188,-0.009255584,-0.123977061,-0.406929445,0.038964905,-0.065346802,-0.097681219,0.308466107,0.146874541,0.000598237,-0.379788248,-0.363223928,0.390426801
479,-1.218221629,-1.339466414,-0.492529937,-0.505316255,0.437455519,-0.922247724,-0.921893959,-1.976885594,-0.268797895,0.380333719,-0.58494408,-0.881885642,-0.22584359
480,0.356537802,-0.297083553,0.928394353,-0.605477084,-0.368523551,-0.77864252,0.289367563,-0.040976358,-0.054422662,-0.727183329,-0.990271898,-0.807234398,0.698919825
481,1.178998568,0.760129996,0.937992459,0.832196131,0.067154269,0.79013964,-0.136240683,0.185807353,-0.854521769,0.255219072,1.124411154,0.24891786,-0.615378798
482,0.910459467,0.009955987,0.839122382,1.028553371,-1.238588696,1.198281309,0.369715542,-1.64150526,0.650409448,-0.103331272,0.179235736,0.808736969,0.054070883
483,0.206151151,0.843104062,-0.117222246,-0.997282638,-0.235206047,0.496942057,-0.838916962,-1.572135347,-0.020077017,-0.858655538,-0.182455971,-0.416220425,0.780794126
484,0.684199297,-0.257984704,-0.752655747,-0.208575168,-0.542510973,-0.469917644,-0.190247199,-0.370627334,0.639434791,-0.00602866,0.089504116,-0.182419953,0.264147478
485,0.057480478,0.764056443,2.7337518,-0.722434074,-0.589549025,0.567309426,-0.580693412,-1.01855503,-0.26409282,0.057276217,-0.186467955,0.230438951,0.023104944
486,2.173191856,2.118081532,0.95940604,0.581761016,0.271470454,-0.223760331,-0.145799292,2.014363872,1.73081269,2.81583299,2.85015038,2.345482252,-2.636721948
487,-1.885759487,-0.493619529,-1.079082659,-1.450067369,-0.003207958,-1.363351564,0.195145026,-0.116720606,-1.629343419,0.195779344,0.398250057,0.380030724,-0.138739544
488,0.040151647,0.822203199,-0.918783175,-1.264829117,-0.419099561,-0.90616718,-0.774171302,2.378979294,0.161124192,-0.462044806,-0.642954067,-0.012283774,-0.246322056
489,-0.173311445,0.404949389,-1.285925899,0.104516896,-0.737465051,-0.50322133,0.084259102,0.923662836,-0.602846505,-0.414804941,-0.869800927,-0.705149058,0.593861322
490,1.148977773,-1.097712902,0.983570638,1.734707153,0.567996316,-0.150496598,-0.614147919,1.2220682,0.191674184,-0.23207379,-0.109124693,0.224202956,-0.236989184
491,-0.006073002,-2.557035504,1.118082516,-1.36732328,-1.904796106,0.050975867,-0.587013126,-0.134317477,1.448476081,0.006847772,-0.588751204,-0.931069678,0.797066459
492,0.244316283,-2.0588107,-0.011577124,1.117167166,0.616980179,0.685304749,0.463072261,0.91916644,0.722955235,-0.174298474,-0.457021561,-0.777484626,0.487509828
493,-0.464715546,-0.265830484,-0.161065991,-1.344540249,1.356170954,0.241125825,0.208965414,1.280319976,0.277095106,-0.81300435,-0.600119925,-0.41344861,0.558233838
494,-0.638876357,1.233597601,-1.435859462,-0.856757162,-1.947111859,0.824881394,-1.841858464,0.140261966,-0.03780575,-0.545534229,-0.060188409,0.00254521,0.133719292
495,-1.01661503,0.50063926,-0.845470162,-0.080953579,-2.417098411,0.746108853,-1.467485655,-0.266096268,0.460108414,0.090827065,0.067322474,-0.112183017,0.23831455
496,2.245000541,-0.185529481,0.36664321,0.565833396,0.78689681,0.796907496,0.337456907,0.196937341,-1.129285449,-1.035376507,-0.494925348,-0.043619392,0.699810056
497,0.271246506,-0.168059792,-1.743141368,-1.217532486,0.725397442,-1.780652139,0.562919045,-0.307443394,-0.71308294,-0.044395788,-0.45525375,-0.29308987,0.371374511
498,0.799686885,-2.040902503,-1.274603537,-1.19688343,-1.054252055,-0.212372826,1.749571376,0.797654913,-1.141922022,-0.605744994,-0.836800883,-1.0636304,0.648902278
499,-0.880247599,-0.003078889,-1.105394415,0.242489713,-0.622376322,-0.825965641,-0.10755127,2.637085791,0.414903435,-1.188970168,-0.159224743,0.065054508,0.946002304
500,-0.066589861,-2.880931264,-0.409962615,1.144596184,-1.026266613,-1.260341724,-0.247312709,0.246618199,0.102973246,-0.506618639,-1.089396101,-0.941870671,-0.02298945
501,-1.042323994,0.424926424,-1.217041076,-1.933373497,1.007767988,-1.565146633,1.406251465,0.231859658,0.554362382,-0.268709639,-0.749558798,-0.304197827,0.123122143
502,2.01593183,0.265297054,-1.803654817,1.356172038,0.497274365,-0.180237156,0.085733433,-0.808174245,-0.25019163,-0.142497717,-0.33380294,-0.513953227,0.648388296
503,0.789847246,-1.111386852,-1.442434585,-0.508504084,-0.638783892,-0.943765655,1.747444553,-1.602998446,0.572329698,-0.087117484,-0.235655682,-0.439026153,0.849808237
504,0.308792461,-0.446043364,-1.274896974,-0.010752962,-0.092906254,0.992529563,0.487721563,0.858468314,-0.581273545,-0.780128317,-1.232695609,-0.947409715,0.658693794
505,-0.346924363,-1.017562966,0.922131112,-0.120127761,-0.161884376,1.805889738,-0.09928459,1.528414612,0.411573507,-0.063039326,-0.084008535,0.25181505,-0.349281624
506,0.792153114,-0.183000149,1.370601048,1.835677833,-1.166434205,0.399764914,-0.718789339,-0.115813643,-1.36780929,0.839000307,0.555246154,-0.219880249,-0.292216027
507,1.06041311,1.948908997,-1.531441057,-0.716973967,0.051732982,-0.238817677,-0.087102715,0.130745436,0.016217826,-0.93454101,-0.550390663,-0.856023944,-0.469371916
508,0.758648936,0.125375635,0.475799367,1.579578626,-1.1435524,-1.392769114,-1.565144569,0.592029858,-1.508609495,0.332035055,0.491916053,-0.417726178,-0.109646868
509,0.128109423,-0.50976656,1.305550675,0.313699076,0.136655845,1.059882077,0.280058233,-1.68549238,-0.263989261,-0.778033015,-1.012830053,-0.935104533,0.628231975
510,-1.590331941,-0.578951934,-1.661512076,-0.550326185,0.680482736,-2.108498772,1.960844787,-1.259932931,-1.09960975,1.525478793,2.519487392,1.388063211,-1.702009195
511,-0.455424477,-0.594356487,-0.956444118,-1.063054833,-0.348236668,-0.82828304,0.617579006,-0.678679883,0.737655238,-0.76974178,-0.782100988,-0.528351793,0.61166902
512,0.044517812,1.053021563,1.049001055,2.598729658,-0.66027413,0.562916477,-1.024425332,0.398243332,0.914579534,2.605698189,2.382637369,2.033747733,-1.99654042
513,-0.124989568,-0.631402403,0.000954131,0.153097333,0.442438691,0.963395693,0.09084208,-1.980649674,0.386720189,-0.542263813,-0.815964738,-0.681771558,0.756369325
514,0.824123474,-0.286516856,-0.787946566,-0.244033382,-1.091757315,-0.080980004,-0.402015162,0.684365975,-0.119621903,-0.012496538,-0.788555332,-0.552140331,0.376206858
515,1.386809992,-0.384763431,0.009204654,-0.022068453,-0.452155646,-0.117407633,-0.662040128,-0.138981015,0.082197452,-0.258612286,-0.448385111,0.441672425,0.403692684
516,-1.762975356,-1.010873616,1.58335842,-0.6754617,1.872509233,-0.228952184,-0.070458828,-1.821611942,-0.370651585,0.063438805,-0.900001532,-0.679196352,0.942414904
517,2.817223182,1.400318268,1.014759502,1.255157937,-1.186602779,1.665243327,-0.120051065,0.15794809,1.428727407,4.251910307,3.54640365,4.403422022,-4.051790712
518,0.043379511,0.172676119,0.622455394,-0.482372563,0.197462104,0.678722486,0.80835559,-0.211656049,-0.047870233,-0.172423208,-0.252027175,-0.643286798,0.500837027
519,0.477413817,-0.260981227,-0.444203666,-1.65782944,-0.699134725,-0.244353835,0.735034442,1.67515407,-1.010528623,-1.101148608,-1.336657589,-0.570156599,0.07185148
520,2.477796323,-0.073799939,1.309843437,-0.198556206,-0.636629888,-0.824970929,0.432262452,-1.035672885,-0.884202196,-1.118473925,0.375752905,-1.04577276,0.379050468
521,-0.003310163,1.478293217,-0.533399923,2.011661117,0.354600613,0.20253381,-1.105700814,-0.599086615,-0.922894655,-0.244195684,0.040543548,-0.015544494,0.293188293
522,-1.138938824,0.100033378,-0.491124134,-0.568528433,-0.628143136,0.249883373,-0.277562529,0.105335219,-1.344142488,-0.907271007,-0.773403921,-0.133086151,0.851522945
523,-0.029022004,-0.098003411,-0.863996898,1.546911165,-1.576765823,1.019614647,-0.927262257,1.879044209,-0.526979413,0.648523848,1.024693385,0.86355754,-0.672463661
524,1.434756556,-1.629821351,1.149617252,2.016941015,-0.278314198,1.395704884,-0.482812198,0.77152141,0.530440232,1.348510129,1.147015841,0.861947244,-1.250012658
525,-0.789116611,-0.218135648,1.192788851,0.400201202,0.819586962,-0.607921445,-1.051840038,0.5634218,0.260462333,-0.567511347,-0.203657518,-1.088304179,0.437622388
526,0.781047122,-0.005329945,1.21921624,1.853796632,-0.739566765,1.63115525,0.071622385,-0.200387913,1.594988849,2.182299408,2.02958027,1.699990104,-1.991443537
527,-2.507551306,-0.407822412,-0.022019192,-0.574173624,2.248245037,-0.252576761,1.921251632,-0.660807437,-0.906488843,0.844016432,0.437860997,0.425436877,-0.119452781
528,0.807374016,-0.176548968,-1.558270685,1.139915798,0.42752556,0.540994788,1.547469895,0.215759412,-0.979198879,-0.473742899,-0.234444158,-0.634046858,0.89560717
529,0.303675092,0.278730029,0.348277042,0.801975531,1.237125987,-1.906400358,-2.086363802,1.409238969,0.511235279,-0.032079082,-0.744161599,-0.419520581,-0.010126751
530,0.313008678,1.772623947,-0.012133076,0.535924088,0.398911187,0.093083983,0.273722262,-0.104059124,1.143164593,0.439037832,0.382630663,-0.129407373,0.690542103
531,1.72855934,0.872761188,0.525333191,-0.210966768,1.280733008,-2.625424291,-0.761917883,0.778457737,2.854185494,-0.963542086,-0.834700292,-0.344332285,1.36818334
532,0.458409618,-1.245205901,-1.944435262,0.065970232,-0.043324162,-0.059223004,0.514380197,0.235632855,-1.584675538,-0.424647187,-0.612989343,-1.117230935,0.733457525